<?xml version="1.0" encoding="utf-8" standalone="yes"?>
<rss version="2.0" xmlns:atom="http://www.w3.org/2005/Atom">
  <channel>
    <title>Application Architecture on My AWS Workshop</title>
    <link>/en/application-architecture.html</link>
    <description>Recent content in Application Architecture on My AWS Workshop</description>
    <generator>Hugo -- gohugo.io</generator>
    <language>en-US</language>
    <lastBuildDate>Thu, 01 Oct 2020 14:50:26 +1000</lastBuildDate><atom:link href="/en/application-architecture/index.xml" rel="self" type="application/rss+xml" />
  </channel>
</rss>
