[
	{	"pageTitle": "Index",
		"relativePagePath": "/en/"
	},
	{
		"pageTitle": "Deployment Guide",
		"relativePagePath": "/en/deployment-guide.html"
	},
	{
		"pageTitle": "Amazon Elasticsearch",
		"relativePagePath": "/en/deployment-guide/elasticsearch.html"
	},
	{
		"pageTitle": "Splunk",
		"relativePagePath": "/en/deployment-guide/splunk.html"
	},
	{
		"pageTitle": "User Guide",
		"relativePagePath": "/en/user-guide.html"
	},
	{
		"pageTitle": "Amazon Elasticsearch",
		"relativePagePath": "/en/user-guide/elasticsearch.html"
	},
	{
		"pageTitle": "Splunk",
		"relativePagePath": "/en/user-guide/splunk.html"
	},
	{
		"pageTitle": "Application Architecture",
		"relativePagePath": "/en/application-architecture.html"
	},
	{
		"pageTitle": "Data Model",
		"relativePagePath": "/en/data-model.html"
	},
	{
		"pageTitle": "Operations Guide",
		"relativePagePath": "/en/operations-guide.html"
	}]