<?xml version="1.0" encoding="utf-8" standalone="yes"?>
<rss version="2.0" xmlns:atom="http://www.w3.org/2005/Atom">
  <channel>
    <title>Data Model on My AWS Workshop</title>
    <link>/en/data-model.html</link>
    <description>Recent content in Data Model on My AWS Workshop</description>
    <generator>Hugo -- gohugo.io</generator>
    <language>en-US</language>
    <lastBuildDate>Thu, 01 Oct 2020 14:49:42 +1000</lastBuildDate><atom:link href="/en/data-model/index.xml" rel="self" type="application/rss+xml" />
  </channel>
</rss>
