<?xml version="1.0" encoding="utf-8" standalone="yes"?>
<rss version="2.0" xmlns:atom="http://www.w3.org/2005/Atom">
  <channel>
    <title>Deployment Guide on My AWS Workshop</title>
    <link>/en/deployment-guide.html</link>
    <description>Recent content in Deployment Guide on My AWS Workshop</description>
    <generator>Hugo -- gohugo.io</generator>
    <language>en-US</language>
    <lastBuildDate>Wed, 30 Sep 2020 21:03:27 +1000</lastBuildDate><atom:link href="/en/deployment-guide/index.xml" rel="self" type="application/rss+xml" />
    <item>
      <title>Amazon Elasticsearch</title>
      <link>/en/deployment-guide/elasticsearch.html</link>
      <pubDate>Fri, 16 Apr 2021 11:37:33 -0700</pubDate>
      
      <guid>/en/deployment-guide/elasticsearch.html</guid>
      <description>Deployment Steps with CDK Install and bootstrap AWS CDK Please skip this step if you already have CDK installed and bootstrapped.
npm install -g aws-cdk npm install -g typescript cdk bootstrap aws://YOUR_ACCOUNT_ID/YOUR_AWS_REGION Deploying CDK project  Clone the repository from Github  git clone git@github.com:amazon-connect/amazon-connect-call-quality-monitoring.git
Move into the directory of the stack which will deploy the resources  cd Amazon-connect-monitoring/monitoring-stack-cdk
Set your CCP URL (required) and SAML URL (optional)  export CCP_URL=YOURURL</description>
    </item>
    
    <item>
      <title>Splunk</title>
      <link>/en/deployment-guide/splunk.html</link>
      <pubDate>Fri, 16 Apr 2021 11:37:38 -0700</pubDate>
      
      <guid>/en/deployment-guide/splunk.html</guid>
      <description>Deployment Steps with CDK Install and bootstrap AWS CDK Please skip this step if you already have CDK installed and bootstrapped.
npm install -g aws-cdk npm install -g typescript cdk bootstrap aws://YOUR_ACCOUNT_ID/YOUR_AWS_REGION Deploying CDK project  Clone the repository from Github  git clone git@github.com:amazon-connect/amazon-connect-call-quality-monitoring.git
Move into the directory of the stack which will deploy the resources  cd Amazon-connect-monitoring/monitoring-stack-cdk
Set your CCP URL (required) and SAML URL (optional)  export CCP_URL=YOURURL</description>
    </item>
    
  </channel>
</rss>
